restaurant_id,name,price,ingredients,visibility,description
1,Lasagna alla Bolognese,12,"pasta per lasagna, carne macinata di manzo, carne macinata di maiale, pomodoro, cipolla, carota, sedano, latte, burro, farina, parmigiano reggiano, olio d'oliva, sale, pepe, noce moscata.",1,"Strati di pasta con ragù di carne, besciamella e parmigiano, cotti al forno."
1,Risotto ai Funghi Porcini,14,"riso Arborio, funghi porcini, brodo vegetale, cipolla, burro, parmigiano reggiano, vino bianco, olio d'oliva, sale, pepe.",1,"Risotto cremoso con funghi porcini freschi o secchi, brodo e parmigiano."
1,Spaghetti Carbonara,10,"spaghetti, guanciale, uova, pecorino romano, parmigiano reggiano, pepe nero, sale.",1,"Spaghetti con salsa a base di uova, guanciale croccante, pecorino e pepe nero."
1,Melanzane alla Parmigiana,11,"melanzane, pomodori pelati, mozzarella, parmigiano reggiano, basilico, olio d'oliva, sale, pepe, farina.",1,"Fette di melanzane fritte, alternate con salsa di pomodoro, mozzarella e parmigiano, cotte al forno."
1,Tiramisu,5,"savoiardi, mascarpone, uova, zucchero, caffè, cacao amaro, marsala, vaniglia.",1,"Dolce a base di savoiardi imbevuti nel caffè, crema di mascarpone e cacao."
2,Ravioli al Vapore,8,"pasta per ravioli, carne di maiale o pollo tritata, cipolla, salsa di soia, zenzero, aglio, cavolo, olio di sesamo.",1,"Ravioli ripieni di carne o verdure, cotti al vapore."
2,Anatra alla Pechinese,18,"anatra intera, salsa hoisin, cipollotto, cetriolo, pancake cinese, zucchero, sale, pepe, vino di riso.",1,"Anatra croccante, servita con pancake e salsa di soia."
2,Manzo con Verdure,12,"manzo, peperoni, cipolla, carota, broccoli, salsa di soia, zenzero, aglio, olio di sesamo, sale, pepe.",1,Carne di manzo cucinata con verdure in salsa di soia.
2,Zuppa di Pesce Piccante,9,"pesce misto (merluzzo, gamberi, calamari), pomodori, peperoncino, cipolla, aglio, brodo di pesce, olio d'oliva, prezzemolo, sale, pepe.",1,"Zuppa piccante con pesce e frutti di mare, arricchita con peperoncino e spezie."
2,Riso alla Cantonese,7,"riso, uova, piselli, prosciutto cotto, salsa di soia, cipolla, olio di sesamo, sale, pepe.",1,"Riso fritto con uova, piselli, prosciutto e talvolta gamberetti."
3,Tacos al Pastor,8,"carne di maiale, ananas, cipolla, pepe, cumino, coriandolo, tortillas di mais, salsa adobo, salsa verde.",1,"Carne di maiale marinata, cotta su uno spiedo verticale, servita con tortillas."
3,Burritos con Carne Asada,10,"carne di manzo (asada), tortillas di farina, fagioli neri, riso, cipolla, guacamole, salsa piccante, formaggio cheddar.",1,"Burrito ripieno di carne grigliata, guacamole, fagioli, riso e salsa."
3,Enchiladas Verdes,11,"tortillas di mais, pollo, salsa verde (tomatillo), cipolla, crema, formaggio, olio per friggere, coriandolo.",1,"Tortillas ripiene di carne, ricoperte con salsa verde a base di tomatillo e peperoncino, cotte al forno."
3,Guacamole con Nachos,6,"avocado, pomodoro, cipolla, lime, coriandolo, peperoncino, sale, nachos.",1,Salsa di avocado servita con nachos croccanti.
3,Quesadillas con Formaggio e Pollo,9,"tortillas di farina, pollo, formaggio cheddar, cipolla, peperoni, olio d'oliva.",1,"Tortillas farcite con pollo e formaggio, cotte fino a diventare croccanti."
4,Chicken Tikka Masala,13,"pollo, yogurt, spezie (garam masala, curcuma, paprika), pomodori, panna, aglio, zenzero, cipolla, riso.",1,"Pollo marinato in yogurt e spezie, cotto in una salsa di pomodoro e panna."
4,Butter Chicken,14,"pollo, burro, pomodori, panna, spezie (curcuma, paprika, garam masala), aglio, cipolla, riso.",1,"Pollo cucinato in salsa ricca di burro e panna, con spezie aromatiche."
4,Samosa di Verdure,6,"patate, piselli, cipolla, curry in polvere, fogli di pasta per samosa, olio per friggere, zenzero, coriandolo.",1,Triangoli di pasta fritta ripieni di verdure miste e spezie.
4,Naan al Burro,4,"farina, lievito, latte, burro, yogurt, zucchero, sale.",1,"Pane indiano cotto nel forno tandoor, spennellato con burro fuso."
4,Riso Pilaf con Zafferano,10,"riso basmati, zafferano, cipolla, burro, brodo di pollo, sale, pepe, uvetta (opzionale), mandorle",1,"Riso cucinato con brodo e zafferano, dal sapore delicato."
5,Sushi Misto (Nigiri e Sashimi),18,"riso per sushi, aceto di riso, zucchero, sale, alga nori, salmone fresco, tonno fresco, wasabi, salsa di soia, zenzero sott'aceto",1,"Noodles in brodo di soia, serviti con carne di maiale, uova e alghe."
5,Tempura di Gamberi,12,"gamberi, farina di frumento, farina di riso, acqua ghiacciata, uovo, sale, pepe, olio per friggere.",1,Gamberi immersi in pastella leggera e fritti fino a doratura.
5,Ramen alla Soia,11,"noodles per ramen, brodo di pollo, salsa di soia, cipolla, aglio, zenzero, uovo sodo, alga nori, carne di maiale (optionale), olio di sesamo",1,"Zuppa di noodles in brodo di soia con carne, uova, cipolla e alghe."
5,Makimono (Rotoli di Sushi),9,"alga nori, riso per sushi, aceto di riso, zucchero, sale, pesce crudo (salmone, tonno), avocado, cetriolo, wasabi.",1,"Sushi arrotolato con alga nori, riso e vari ripieni come tonno e salmone."
5,Onigiri al Salmone,7,"riso per sushi, aceto di riso, sale, salmone cotto o affumicato, alga nori.",1,"Triangoli di riso giapponese ripieni di salmone, spesso avvolti in alga nori."
6,Curry di Verdure,8,"patate, carote, zucchine, cipolla, pomodoro, curry in polvere, latte di cocco, brodo vegetale, olio d'oliva, sale, pepe",1,Verdure cotte in una salsa di curry e latte di cocco.
6,Frittata di Verdure,6,"uova, zucchine, peperoni, cipolla, pomodori, olio d'oliva, sale, pepe, formaggio",1,Uova sbattute e cotte in padella con verdure miste.
6,Insalata di Quinoa con Verdure,7,"quinoa, cetriolo, pomodorini, peperoni, avocado, limone, olio d'oliva, sale, pepe.",1,"Insalata di quinoa con verdure fresche, condite con olio d'oliva e limone."
6,Zuppa di Lenticchie,7,"lenticchie, cipolla, carota, sedano, aglio, brodo vegetale, pomodoro pelato, olio d'oliva, pepe, sale, rosmarino.",1,"Zuppa densa di lenticchie, cipolla, carote, sedano e spezie."
6,Lasagna Vegetariana,11,"pasta per lasagna, ricotta, spinaci, mozzarella, parmigiano, pomodoro, cipolla, aglio, basilico, olio d'oliva.",1,"Alternativa vegetariana alla lasagna, con pasta, ricotta, spinaci e salsa di pomodoro."
7,Falafel con Salsa Tahini,8,"ceci, cipolla, aglio, prezzemolo, coriandolo, cumino, pepe, sale, farina, olio per friggere, tahini.",1,Polpette di ceci fritte servite con una salsa tahini a base di sesamo e limone.
7,Burger Vegano con Avocado,12,"hamburger vegano (fagioli, ceci, soia), avocado, pane per burger, insalata, pomodoro, cipolla, maionese vegana, ketchup.",1,"Burger vegano con avocado fresco, condimenti e un panino morbido."
7,Hummus e Pita,6,"ceci, tahini, aglio, succo di limone, olio d'oliva, sale, pepe, pita.",1,"Crema di ceci frullati con aglio, olio d'oliva, succo di limone e tahini, servita con pane pita."
7,Tofu alla Griglia,9,"tofu, salsa di soia, olio di sesamo, aglio, zenzero, cipolla verde, semi di sesamo.",1,"Tofu marinato e grigliato, servito con verdure o riso."
7,Insalata di Ceci con Verdure Fresche,7,"ceci, cetriolo, pomodorini, cipolla rossa, olive nere, olio d'oliva, succo di limone, prezzemolo, pepe",1,"Insalata fresca di ceci, con verdure di stagione, condita con olio d'oliva e limone."
8,Hamburger Classico con Formaggio,9,"carne di manzo, pane per hamburger, formaggio cheddar, lattuga, pomodoro, cipolla, ketchup, senape, sale, pepe.",1,"Hamburger di manzo con formaggio fuso, servito con pane e contorni."
8,Cheeseburger Bacon,11,"carne di manzo, bacon, formaggio cheddar, pane per hamburger, lattuga, pomodoro, cipolla, ketchup, senape, sale, pepe.",1,"Hamburger di manzo con formaggio e bacon croccante, servito con contorni."
8,Patatine Fritte,3,"patate, olio per friggere, sale.",1,"Patate tagliate a bastoncini, fritte fino a diventare croccanti."
8,Hot Dog con Cipolle Caramellate,6,"salsicce, pane per hot dog, cipolle, zucchero, aceto balsamico, ketchup, senape",1,Hot dog servito con cipolle caramellate e condimenti.
8,Chicken Burger con Salsa BBQ,10,"petto di pollo, pane per hamburger, salsa BBQ, lattuga, pomodoro, cipolla, maionese, sale, pepe.",1,"Burger di pollo con salsa BBQ, servito con pane morbido e verdure."
9,Pizza Margherita,8,"impasto per pizza, salsa di pomodoro, mozzarella, basilico fresco, olio d'oliva, sale, pepe.",1,"Pizza con pomodoro, mozzarella e basilico fresco."
9,Pizza Quattro Stagioni,10,"impasto per pizza, salsa di pomodoro, mozzarella, prosciutto cotto, funghi, carciofi, olive nere, olio d'oliva, sale, pepe.",1,"Pizza con pomodoro, mozzarella, prosciutto cotto, funghi, carciofi e olive."
9,Pizza Capricciosa,9,"impasto per pizza, salsa di pomodoro, mozzarella, prosciutto cotto, funghi, carciofi, olive nere, olio d'oliva, sale, pepe.",1,"Pizza con pomodoro, mozzarella, prosciutto cotto, funghi, olive e uova."
9,Pizza Vegetariana,9,"impasto per pizza, salsa di pomodoro, mozzarella, peperoni, zucchine, melanzane, cipolla, olive nere, olio d'oliva, sale, pepe.",1,"Pizza con pomodoro, mozzarella, verdure miste come peperoni, zucchine e melanzane."
9,Pizza Diavola,9,"impasto per pizza, salsa di pomodoro, mozzarella, salame piccante, olio d'oliva, pepe nero.",1,"Pizza con pomodoro, mozzarella e salame piccante."
10,Focaccia con Rosmarino e Sale,5,"farina, lievito, acqua, olio d'oliva, rosmarino, sale grosso.",1,"Pane morbido condito con olio d'oliva, sale e rosmarino."
10,Focaccia Ripiena di Prosciutto e Formaggio,7,"farina, lievito, acqua, olio d'oliva, prosciutto cotto, mozzarella, pepe, sale.",1,"Focaccia ripiena di prosciutto cotto e formaggio, cotta fino a doratura."
10,Focaccia con Pomodoro e Basilico,6,"farina, lievito, acqua, olio d'oliva, pomodori, basilico fresco, sale, pepe.",1,"Focaccia con pomodoro fresco, mozzarella e basilico."
10,Focaccia con Olive e Cipolle,7,"farina, lievito, acqua, olio d'oliva, olive nere, cipolla rossa, sale, pepe.",1,"Focaccia con olive nere e cipolle rosse, cotta fino a diventare croccante."
10,Focaccia con Formaggio di Capra e Miele,8,"farina, lievito, acqua, olio d'oliva, formaggio di capra, miele, rosmarino, sale, pepe",1,"Focaccia con formaggio di capra e miele, dal sapore dolce e salato."
11,BBQ Ribs,15,"costine di maiale, salsa BBQ, aglio, pepe nero, zucchero di canna, paprika, sale.",1,Costine di maiale cotte alla griglia con una salsa BBQ ricca e affumicata.
11,Cheeseburger con Bacon,12,"carne di manzo, bacon, formaggio cheddar, pane per hamburger, lattuga, pomodoro, cipolla, ketchup, senape, sale, pepe.",1,"Hamburger con formaggio e bacon croccante, servito con pane morbido e contorni."
11,Mac & Cheese,10,"pasta, formaggio cheddar, burro, latte, farina, sale, pepe, pangrattato.",1,Pasta con una salsa cremosa di formaggio cheddar.
11,Hot Dog con Salsa Piccante,6,"salsicce, pane per hot dog, salsa piccante, ketchup, senape, cipolla, peperoncino.",1,Hot dog servito con una salsa piccante e condimenti.
11,Patatine Fritte alla Paprika,4,"patate, olio per friggere, paprika, sale.",1,Patatine fritte spolverate con paprika per un sapore affumicato e speziato.
12,Pad Thai con Gamberetti,12,"noodles di riso, gamberetti, uovo, germogli di soia, cipollotto, salsa di pesce, zucchero, arachidi tritate, lime, peperoncino.",1,"Piatti di noodles saltati con gamberetti, tofu, verdure e salsa di pesce."
12,Tom Yum Soup,9,"brodo di pollo, gamberetti, limongrass, galanga, foglie di lime kaffir, funghi, peperoncini, salsa di pesce, succo di lime.",1,"Zuppa piccante e aromatica a base di brodo di gamberi, peperoncini, citronella e lime."
12,Curry Verde con Pollo,14,"pollo, latte di cocco, pasta di curry verde, zucchine, melanzane, peperoni, foglie di basilico, salsa di pesce, zucchero di palma.",1,"Curry verde con pollo, latte di cocco e spezie tailandesi, servito con riso."
12,Som Tum (Insalata di Papaya),7,"papaya verde, fagiolini, pomodoro, peperoncini, aglio, salsa di pesce, lime, zucchero di palma, arachidi.",1,"Insalata di papaya verde, con peperoncino, lime, arachidi e salsa di pesce."
12,Gai Pad Krapow (Pollo con Basilico),10,"petto di pollo, basilico fresco, aglio, peperoncini, salsa di pesce, zucchero di palma, olio di sesamo, cipollotto, riso basmati.",1,Pollo cucinato con basilico e peperoncino in un soffritto speziato.
13,Pinsa Margherita,8,"impasto per pinsa, salsa di pomodoro, mozzarella, basilico fresco, olio d'oliva, sale, pepe.",1,"Pizza con pomodoro, mozzarella e ingredienti freschi come basilico e olive."
13,Pinsa Prosciutto e Funghi,10,"impasto per pinsa, salsa di pomodoro, mozzarella, prosciutto cotto, funghi freschi, olio d'oliva, sale, pepe.",1,"Pizza con prosciutto cotto, funghi freschi e mozzarella."
13,Pinsa Quattro Formaggi,9,"impasto per pinsa, mozzarella, gorgonzola, fontina, parmigiano, olio d'oliva, sale, pepe.",1,"Pizza con quattro formaggi: mozzarella, gorgonzola, emmental e parmigiano."
13,Pinsa Vegetariana,9,"impasto per pinsa, salsa di pomodoro, mozzarella, peperoni, melanzane, zucchine, cipolla, olio d'oliva, sale, pepe.",1,"Pizza con verdure miste, come zucchine, melanzane, peperoni e pomodoro."
13,Pinsa con Salmone Affumicato e Avocado,12,"impasto per pinsa, crema di formaggio, salmone affumicato, avocado, cipollotto, rucola, olio d'oliva, sale, pepe.",1,"Pizza con salmone affumicato e avocado, con una base di crema di formaggio."
14,Panino con Prosciutto e Formaggio,7,"Prosciutto cotto, formaggio (come mozzarella o emmental), lattuga, pomodoro, maionese, panino morbido.",1,"Un classico panino farcito con morbido prosciutto cotto e formaggio, arricchito con lattuga e pomodoro fresco per un tocco di freschezza."
14,Panino Vegetariano,6,"Hummus, lattuga, pomodoro, cetriolo, peperoni grigliati, avocado, panino integrale o morbido.",1,"Un panino sano e gustoso, con hummus cremoso, verdure fresche come cetriolo, peperoni e avocado, ideale per chi cerca un'opzione vegetale."
14,Panino con Salame e Rucola,7,"Salame, rucola, pomodoro, olio d'oliva, panino rustico o morbido",1,"Un panino saporito con il salame ricco di gusto, abbinato alla freschezza della rucola e al tocco aromatico del pomodoro."
14,Panino con Mortadella e Pistacchio,8,"Mortadella, crema di pistacchio, rucola, panino morbido.",1,"Un panino delicato con morbida mortadella e una cremosa salsa al pistacchio, arricchito da rucola per un contrasto fresco e aromatico."
14,Panino con Speck e Gorgonzola,8,"Speck, gorgonzola, rucola, noci, panino rustico o morbido.",1,"Un panino dal sapore deciso, con speck affumicato e il gorgonzola cremoso, arricchito da rucola e noci per una combinazione perfetta di sapori forti e freschi."
15,Kebab con Verdure,8,"carne di manzo o pollo, peperoni, cipolla, zucchine, pomodorini, pane pita, salsa yogurt, spezie (paprika, cumino, pepe).",1,"Spiedini di carne (manzo, pollo o agnello) con verdure grigliate come peperoni, zucchine e cipolle."
15,Kebab con Salsa Yogurt,9,"carne di manzo o pollo, pane pita, salsa yogurt (yogurt naturale, aglio, cetriolo, menta), spezie (cumino, paprika).",1,"Spiedini di carne accompagnati da una salsa a base di yogurt, aglio, limone e cetriolo."
15,Kebab con Pane Pita,7,"carne di manzo o pollo, pane pita, pomodori, lattuga, cipolla, salsa tzatziki, spezie (cumino, paprika, pepe).",1,Spiedini di carne serviti con pane pita caldo e verdure fresche.
15,Kebab alla Griglia,10,"carne di manzo o pollo, pane pita, verdure grigliate, salsa di yogurt, spezie (paprika, pepe, cumino).",1,"Spiedini di carne grigliati e serviti con contorni come riso, insalata o pane."
15,Kebab Piccante,8,"carne di manzo o pollo, pane pita, peperoncini, salsa piccante, pomodori, lattuga, cipolla, spezie (cumino, paprika, pepe).",1,Spiedini di carne marinata con spezie piccanti e grigliati per un sapore intenso.
16,Poke Bowl al Salmone,14,"riso per sushi, salmone crudo, avocado, cetriolo, carote, edamame, alghe wakame, salsa di soia, sesamo, salsa teriyaki.",1,"Bowl di riso con salmone crudo, avocado, cetrioli, edamame e salsa di soia."
16,Poke Bowl con Tonno,13,"riso per sushi, tonno crudo, avocado, cetriolo, carote, edamame, alghe wakame, salsa di soia, sesamo, salsa teriyaki.",1,"Bowl di riso con tonno crudo, avocado, cetrioli, edamame e salsa di soia."
16,Poke Bowl Vegetariano,12,"riso per sushi, avocado, cetriolo, carote, edamame, alghe wakame, tofu, salsa di soia, sesamo, salsa teriyaki.",1,"Bowl di riso con verdure fresche e tofu, condito con salsa di soia o tahini."
16,Poke con Quinoa e Avocado,12,"quinoa, avocado, cetriolo, carote, edamame, alghe wakame, salsa di soia, sesamo, salsa teriyaki.",1,"Bowl di riso con quinoa, avocado, cetrioli e verdure fresche."
16,Poke con Mango e Gamberetti,15,"riso per sushi, gamberetti, mango, avocado, cetriolo, carote, edamame, alghe wakame, salsa di soia, sesamo, salsa teriyaki.",1,"Bowl di riso con mango, gamberetti, avocado e una leggera salsa di soia."
17,Crostata ai Mirtilli,7,"pasta frolla, mirtilli freschi, zucchero, burro, farina, uova, lievito.",1,"Crostata con una base friabile e ripieno di mirtilli freschi, spesso servita con panna."
17,Cannoli Siciliani,6,"pasta per cannoli, ricotta, zucchero, canditi, gocce di cioccolato, pistacchi, olio per friggere.",1,"Dolci siciliani fritti ripieni di ricotta zuccherata e gocce di cioccolato, cosparsi di zucchero a velo."
17,Panna Cotta,5,"panna, zucchero, gelatina, vaniglia, frutti di bosco (per decorare).",1,"Dolce al cucchiaio a base di panna, zucchero e gelatina, spesso servito con frutti di bosco."
17,Tiramisù al Pistacchio,7,"savoiardi, mascarpone, panna, zucchero, uova, pistacchi, caffè, cacao in polvere.",1,"Dolce al cucchiaio con savoiardi imbevuti nel caffè, crema al mascarpone e pistacchio."
17,Cheesecake ai Frutti di Bosco,8,"biscotti digestive, burro, formaggio cremoso, zucchero, panna acida, frutti di bosco,",1,Cheesecake cremoso con una base di biscotti e frutti di bosco freschi sopra.
18,Pollo alla Griglia,10,"petto di pollo, olio d'oliva, limone, rosmarino, aglio, sale, pepe.",1,"Pollo cucinato sulla griglia, con un sapore affumicato e servito con contorni."
18,Pollo al Limone,9,"petto di pollo, limone, burro, aglio, prezzemolo, sale, pepe.",1,"Pollo cucinato con limone e aromi, per un piatto fresco e saporito."
18,Pollo Fritto,12,"petto di pollo, farina, uovo, pangrattato, olio per friggere, pepe, sale.",1,"Pollo impanato e fritto, croccante all'esterno e morbido all'interno."
18,Pollo alla Cacciatora,14,"pollo, cipolla, peperoni, pomodori, olive nere, vino rosso, rosmarino, aglio, olio d'oliva.",1,"Pollo cucinato con pomodoro, cipolla, olive e aromi, tipico della cucina mediterranea."
18,Pollo al Curry,13,"pollo, cipolla, curry in polvere, latte di cocco, riso basmati, aglio, zenzero, olio d'oliva.",1,"Pollo cucinato con curry e latte di cocco, servito con riso aromatico."
19,Piadina con Prosciutto e Formaggio,6,"piadina, prosciutto crudo, formaggio (mozzarella, emmental), rucola.",1,"Piadina farcita con prosciutto cotto e formaggio, cotta fino a doratura."
19,Piadina Vegetariana,7,"piadina, formaggio (mozzarella, ricotta), zucchine, melanzane, peperoni, rucola",1,"Piadina farcita con verdure grigliate o fresche, per un piatto vegetariano."
19,Piadina con Salame e Rucola,6,"piadina, salame, rucola, formaggio (mozzarella, emmental).",1,"Piadina farcita con salame piccante e rucola, per un contrasto di sapori freschi e decisi."
19,Piadina con Mortadella e Pistacchio,10,"piadina, mortadella, crema di pistacchio, rucola.",1,"Piadina farcita con mortadella e pistacchio, per un sapore ricco e aromatico."
19,Piadina con Speck e Gorgonzola,8,"piadina, speck, gorgonzola, noci, rucola.",1,"Piadina farcita con speck e gorgonzola, un'accoppiata di sapori forti e decisi."
20,Churrasco,12,"carne di manzo o maiale, spezie (paprika, pepe, cumino), olio d'oliva, aglio, sale.",1,"Carne di manzo o maiale grigliata, tipica del Brasile, servita con riso, fagioli e verdure."
20,Feijoada,11,"fagioli neri, carne di maiale (costine, salsicce), carne di manzo, cipolla, aglio, pomodori, alloro, pepe, riso.",1,"Piatti tradizionali brasiliani con fagioli neri, carne di maiale e riso."
20,Pão de Queijo,8,"farina di manioca, formaggio grattugiato, uova, latte, burro, sale.",1,"Piccole palline di formaggio fritte, tipiche della cucina brasiliana."
20,Coxinha de Frango,10,"pollo, farina di frumento, burro, formaggio cremoso, cipolla, aglio, olio per friggere, sale, pepe.",1,"Polpette fritte ripiene di pollo, tipiche della cucina brasiliana."
20,Moqueca di Pesce,9,"pesce bianco (merluzzo, branzino), latte di cocco, peperoni, cipolla, pomodoro, coriandolo, olio di palma, aglio.",1,"Zuppa di pesce tradizionale brasiliana con pomodoro, peperoni e latte di cocco."
21,Pizza Senza Glutine,7,"farina senza glutine, lievito, acqua, olio d'oliva, salsa di pomodoro, mozzarella, basilico.",1,"Pizza senza glutine, con una base alternativa a quella tradizionale."
21,Pasta Senza Glutine,11,"pasta senza glutine, olio d'oliva, pomodori, basilico, aglio, sale, pepe.",1,"Pasta senza glutine, preparata con farine alternative."
21,Pane Senza Glutine,9,"arina senza glutine, lievito, acqua, sale, olio d'oliva, zucchero.",1,"Pane senza glutine, adatto a chi segue una dieta priva di glutine."
21,Risotto con Funghi,6,"riso per risotto, funghi porcini, brodo vegetale, cipolla, vino bianco, burro, parmigiano, prezzemolo.",1,"Risotto preparato con funghi freschi o secchi, dal sapore ricco e cremoso."
21,Nicoise,8,"lattuga, rucola, spinaci, pomodorini, cipolla rossa, avocado, olio d'oliva, aceto balsamico, sale, pepe.",1,"Insalata mista di verdure fresche, condita con olio d'oliva e limone, adatta anche a chi segue una dieta senza glutine."
22,Margherita Pizza,8,"Pomodoro, mozzarella, basilico",1,"Un classico piatto di pizza con salsa di pomodoro, mozzarella fusa e basilico fresco."
22,Double Cheeseburger,12,"Carne di manzo, formaggio cheddar, pane per hamburger, lattuga, pomodoro, cipolla",1,"Un panino con due fette di carne di manzo, formaggio cheddar fuso, lattuga, pomodoro e maionese."
22,Veggie Burger,6,"Burger vegetale (ad esempio, a base di soia o ceci), pane per hamburger, lattuga, pomodoro, cipolla",1,"Un panino vegetariano con hamburger di verdure, lattuga, pomodoro e condimenti leggeri."
22,Classic Hot Dog,4,"Salsiccia, pane per hot dog, ketchup, senape",1,"Un panino con una salsiccia arrostita servita su un panino morbido, completato con cipolle caramellate."
22,Fried Chicken Burger,10,"Petto di pollo impanato e fritto, pane per hamburger, lattuga, pomodoro, maionese",1,"Un panino con pollo fritto croccante, lattuga e maionese."
23,Panzanella con Verdure,10,"Pane raffermo, pomodorini, cetriolo, cipolla rossa, basilico, aceto, olio d'oliva",1,"Un'insalata con pane raffermo, pomodori, cetrioli, cipolla rossa, basilico e olio d'oliva."
23,Tofu Scramble,11,"Tofu, curcuma, peperoni, cipolla, spinaci, olio d'oliva",1,"Tofu soffritto con spezie, verdure e servito con pane o riso."
23,Zuppa di Lenticchie,8,"Lenticchie, cipolla, carota, sedano, pomodoro, aglio, brodo vegetale",1,"Una zuppa densa a base di lenticchie, pomodoro, cipolla e spezie."
23,Wrap Vegano con Hummus,9,"Pane tipo pita o tortilla, hummus, lattuga, pomodori, cetriolo, carote",1,"Un wrap con hummus, verdure fresche e salse leggere."
23,Burger di Ceci,6,"Ceci, cipolla, aglio, spezie, pane per hamburger, lattuga, pomodoro",1,"Un panino con un hamburger di ceci, lattuga, pomodoro e maionese."
24,Involtini Primavera,9,"Cavolo cinese, germogli di soia, carote, funghi, aglio, zenzero, salsa di soia",1,"Piccole sfoglie di riso fritte e ripiene di verdure o carne, servite con una salsa leggera."
24,Manzo alla Pechinese,12,"Manzo, salsa di soia, aglio, zenzero, cipolla, peperoni, funghi",1,"Manzo cotto con salsa agrodolce e speziata, servito con verdure croccanti e riso."
24,Gyoza al Vapore,10,"Carne di maiale o pollo, cavolo, zenzero, salsa di soia, aglio",1,"Gyoza al vapore con ripieno di carne o verdure, serviti con salsa di soia."
24,Riso al Curry Verde,8,"Riso, curry verde, latte di cocco, peperoni, zucchine, aglio, cipolla",1,"Riso basmati cotto con curry verde e verdure fresche, perfetto come accompagnamento."
24,Zuppa di Noodles,11,"Noodles, brodo di pollo, funghi, cipolla, aglio, salsa di soia",1,"Una zuppa calda a base di brodo, noodles e verdure, con aggiunta di carne o tofu."
25,Samosa,12,"Patate, piselli, spezie, salsa di tamarindo, olio di oliva",1,"Triangoli di pasta ripieni di patate, piselli e spezie, fritti fino a diventare croccanti."
25,Pulao di Riso,12,"Riso, spezie (cumino, cardamomo, chiodi di garofano), cipolla, piselli, pepe nero",1,"Riso aromatizzato con spezie, servito con carne, pollo o verdure."
25,Chicken Korma,9,"Pollo, curry in polvere, yogurt, cipolla, aglio, zenzero, pomodori",1,"Un curry ricco e speziato con pollo, arricchito con latte di cocco e accompagnato da riso basmati."
25,Quesadillas,10,"Tortilla di mais, formaggio, pollo, cipolla, peperoni, salsa",1,"Una tortilla ripiena di formaggio fuso, carne o verdure, servita con salse fresche."
25,Fajitas di Pollo,11,"Pollo, peperoni, cipolla, salsa, tortilla di farina",1,"Carne di pollo servita con verdure, cipolla e salsa speziata, avvolta in una tortilla."
26,Maki Roll,14,"Riso, alga nori, aceto di riso, pesce crudo, avocado, cetriolo",1,"Un rotolo di riso nori con ripieno di riso, pesce e verdure, avvolto in alga."
26,Nigiri al Tonno,12,"Tonno, riso, aceto di riso, salsa di soia, wasabi",1,"Fette di tonno fresco servite sopra una pallina di riso, completate con salsa di soia."
26,Gamberetti Tempura,10,"Gamberetti, pastella per tempura (farina, acqua ghiacciata, uovo), olio per friggere",1,"Gamberetti impanati e fritti fino a diventare croccanti, serviti con una salsa leggera."
26,Donburi di Pollo,12,"Pollo, riso, salsa di soia, mirin, cipolla, verdure miste (come carote, spinaci)",1,"Riso bianco o integrale con pollo marinato, verdure e spezie giapponesi."
26,Poke Bowl con Avocado,14,"Riso, salmone crudo, avocado, cetriolo, edamame, alga nori, salsa di soia",1,"Un bowl con avocado fresco, riso, verdure e una selezione di condimenti e spezie."
27,Focaccia con Prosciutto Crudo,12,"Focaccia, prosciutto crudo, olio d’oliva, rucola",1,"Focaccia, Prosciutto crudo, Olio extravergine d'oliva, Rucola"
27,Panino con Pollo e Verdure,8,"Pane per panino, pollo grigliato, lattuga, pomodoro, cipolla, maionese",1,"Pane per panino, Petto di pollo, Zucchine grigliate, Peperoni grigliati, Lattuga, Maionese o salsa yogurt"
27,Focaccia con Mozzarella e Pomodoro,10,"Focaccia, mozzarella, pomodoro, basilico, olio d’oliva",1,"Focaccia, Mozzarella fresca, Pomodori, Basilico fresco, Olio extravergine d'oliva, Sale"
27,Panino Caprese,12,"Pane per panino, mozzarella di bufala, pomodoro, basilico, olio d’oliva",1,"Pane per panino, Mozzarella, Pomodoro, Basilico, Olio extravergine d'oliva, Origano"
27,Focaccia con Salame Piccante,10,"Focaccia, salame piccante, peperoncino, cipolla, olio d’oliva",1,"Focaccia, Salame piccante, Mozzarella, Origano"
28,Kebab con Hummus,12,"Carne di kebab (agnello o pollo), hummus, pane pita, verdure (pomodoro, lattuga, cipolla)",1,"Pane pita, Hummus, Carne di kebab, Lattuga, Pomodori, Cipolla, Salsa allo yogurt o tahina"
28,Pollo al Curry,8,"Pollo, cipolla, curry in polvere, latte di cocco, riso",1,"Petto di pollo, Latte di cocco, Curry in polvere, Zenzero fresco, Aglio, Cipolla, Olio, Riso basmati"
28,Pita con Verdure Grigliate,10,"Pita, verdure grigliate (melanzane, zucchine, peperoni), salsa tzatziki",1,"Pita, Melanzane grigliate, Zucchine grigliate, Peperoni grigliati, Lattuga, Salsa tahina o hummus"
28,Falafel con Salsa Yogurt,9,"Falafel (ceci, cipolla, aglio, spezie), salsa yogurt",1,"Ceci lessati, Prezzemolo, Aglio, Cipolla, Cumino, Coriandolo, Farina di ceci, Olio per friggere, Salsa yogurt, Limone"
28,Shawarma di Pollo,12,"Pollo marinato (spezie, aglio, yogurt), pita, salsa tahini, verdure",1,"Pollo marinato (spezie shawarma), Pane pita, Lattuga, Pomodori, Cipolla, Salsa tahina o yogurt"
29,Hamburger con Avocado,10,"Hamburger di carne, avocado, formaggio, maionese, panino",1,"Pane per hamburger, Carne macinata (manzo), Avocado, Pomodoro, Lattuga, Cipolla, Maionese"
29,Moqueca di Pollo,9,"Pollo, latte di cocco, pomodori, cipolla, peperoni, coriandolo",1,"Petto di pollo, Latte di cocco, Olio di dendê (palma), Pomodori, Peperoni, Cipolla, Aglio, Coriandolo"
29,Churrasco di Manzo,14,"Carne di manzo (come picanha o costate), sale grosso, pepe, spezie",1,"Carne di manzo (tagli Churrasco), Sale grosso, Olio d’oliva"
29,Picanha alla Griglia,8,"Carne di manzo (picanha), sale grosso, pepe, rosmarino",1,"Picanha, Sale grosso, Pepe, Olio d’oliva"
29,Risotto con Frutti di Mare,10,"Riso, frutti di mare (gamberetti, cozze, calamari), brodo di pesce, vino bianco, prezzemolo",1,"Riso, Frutti di mare (cozze, gamberi, calamari), Aglio, Cipolla, Brodo di pesce, Olio, Prezzemolo"
30,Pizza ai Funghi Porcini,8,"Impasto per pizza, mozzarella, funghi porcini, olio d’oliva, prezzemolo",1,"Impasto per pizza, Funghi porcini, Mozzarella, Olio extravergine d’oliva, Aglio, Prezzemolo"
30,Pinsa al Salmone Affumicato,12,"Impasto per pinsa, salmone affumicato, mozzarella, rucola, formaggio spalmabile",1,"Impasto per pinsa, Salmone affumicato, Philadelphia o formaggio cremoso, Rucola, Limone"
30,Pizza alla Diavola,10,"Impasto per pizza, mozzarella, salame piccante, peperoni, pomodoro",1,"Impasto per pizza, Salame piccante, Mozzarella, Pomodoro, Origano"
30,Pinsa Capricciosa,10,"Impasto per pinsa, prosciutto cotto, funghi, carciofi, olive nere, mozzarella",1,"Impasto per pinsa, Prosciutto cotto, Carciofi, Funghi, Olive, Mozzarella, Pomodoro"
30,Pizza con Prosciutto e Rucola,10,"Impasto per pizza, prosciutto crudo, mozzarella, rucola, olio d’oliva",1,"Impasto per pizza, Prosciutto crudo, Rucola, Scaglie di parmigiano, Pomodoro, Mozzarella"
31,Crostata di Mele,10,"Mele, zucchero, burro, farina, uova, cannella, marmellata di albicocche",1,"Farina, Burro, Zucchero, Uova, Mele, Cannella, Succo di limone"
31,Torta al Cioccolato Senza Glutine,11,"Cioccolato fondente, farina senza glutine, burro, zucchero, uova",1,"Farina senza glutine, Cioccolato fondente, Zucchero, Burro o olio, Uova, Lievito senza glutine"
31,Muffin ai Mirtilli,8,"Mirtilli, farina, zucchero, burro, uova, lievito, vaniglia",1,"Farina, Zucchero, Burro, Latte, Mirtilli, Lievito, Uova"
31,Pane Senza Glutine,9,"Farina senza glutine, lievito, olio d’oliva, acqua, sale",1,"Farina senza glutine, Acqua, Lievito, Sale, Olio d'oliva"
31,Biscotti al Burro di Arachidi,6,"Burro di arachidi, zucchero, farina, uova, bicarbonato",1,"Burro di arachidi, Zucchero di canna, Uova, Farina, Lievito"
32,Pizza con Gorgonzola e Pere,9,"Gorgonzola, pere, impasto per pizza, noci",1,"Impasto per pizza, Gorgonzola, Pere, Noci, Miele (opzionale)"
32,Pinsa con Mozzarella di Bufala,12,"Mozzarella di bufala, impasto per pinsa, olio d’oliva",1,"Impasto per pinsa, Mozzarella di bufala, Pomodoro, Basilico"
32,Focaccia con Pomodoro e Basilico,10,"Focaccia, pomodoro, basilico, olio d’oliva, sale",1,"Focaccia, Pomodori freschi o pelati, Basilico, Olio extravergine d'oliva"
32,Panino con Roast Beef,8,"Carne di roast beef, pane per panino, lattuga, pomodoro, maionese",1,"Pane per panino, Roast beef, Senape, Rucola, Cipolla caramellata (opzionale)"
32,Pizza alle Verdure Grigliate,11,"Verdure grigliate (melanzane, zucchine, peperoni, cipolla), mozzarella, impasto per pizza",1,"Impasto per pizza, Verdure grigliate (zucchine, melanzane, peperoni), Mozzarella, Pomodoro"
33,Riso Basmati,12,"Riso basmati, acqua",1,"Riso basmati, Acqua, Sale, Burro o olio (opzionale)"
33,Pollo al Curry Rosso,12,"Pollo, curry rosso, latte di cocco, cipolla, peperoni",1,"Pollo, Curry rosso in pasta, Latte di cocco, Zenzero, Cipolla, Olio, Riso"
33,Involtini di Riso Thai,9,"Involtini di riso, verdure (carote, zucchine), salsa di soia",1,"Foglie di riso, Verdure (carote, cetriolo, lattuga), Vermicelli di riso, Salsa di soia o arachidi"
33,Sushi Temaki,10,"Alga nori, riso, pesce crudo (come tonno, salmone), avocado, cetriolo",1,"Alga nori, Riso per sushi, Pesce crudo o cotto, Avocado, Cetriolo, Wasabi, Salsa di soia"
33,Zuppa Wonton,11,"Brodo, wonton (impasto ripieno di carne di maiale, gamberi, o verdure)",1,"Pasta wonton, Carne di maiale macinata, Aglio, Zenzero, Salsa di soia, Brodo"
34,Polpette di Lenticchie,14,"Lenticchie, cipolla, aglio, pomodoro, spezie",1,"Lenticchie, Cipolla, Carota, Aglio, Pangrattato, Spezie (cumino, coriandolo)"
34,Tofu al Curry,12,"Tofu, curry in polvere, latte di cocco, cipolla, verdure",1,"Tofu, Curry in polvere o pasta, Latte di cocco, Zenzero, Verdure (opzionale)"
34,Smoothie Bowl,10,"Frutta (come banana, mirtilli, fragole), yogurt, semi di chia, granola",1,"Frutta fresca (banane, frutti di bosco, mango), Yogurt o latte vegetale, Semi, Fiocchi d'avena"
34,Quinoa con Verdure,12,"Quinoa, verdure (come zucchine, carote, peperoni), olio d’oliva",1,"Quinoa, Zucchine, Carote, Peperoni, Aglio, Olio extravergine d'oliva, Erbe aromatiche"
34,Brownies Senza Glutine,14,"Cioccolato fondente, zucchero, farina senza glutine, burro, uova",1,"Farina senza glutine, Cioccolato fondente, Zucchero, Burro, Uova, Noci (opzionale)"
35,Burger con Formaggio Cheddar,12,"Carne di manzo, cheddar, pane per hamburger, lattuga, maionese",1,"Pane per hamburger, Carne di manzo macinata, Cheddar, Lattuga, Pomodoro, Cipolla, Salse"
35,Pollo Tandoori,8,"Pollo, spezie tandoori, yogurt, riso basmati",1,"Pollo, Yogurt, Spezie Tandoori, Limone, Aglio, Zenzero"
35,Kebab con Salsa BBQ,10,"Kebab, salsa BBQ, pane pita, verdure (come pomodoro, lattuga, cipolla)",1,"Pane pita, Carne di kebab, Salsa BBQ, Lattuga, Pomodori, Cipolla"
35,Polpette di Pollo,12,"Carne di pollo macinata, pane grattugiato, uova, prezzemolo, cipolla",1,"Pollo macinato, Pangrattato, Uova, Parmigiano, Spezie (paprika, cumino)"
35,Pita con Hummus e Verdure,10,"Pita, hummus, verdure (come pomodoro, cetriolo, lattuga)",1,"Pane pita, Hummus, Verdure grigliate o crude (zucchine, carote, cetriolo)"
36,Burrito con Carne di Manzo,12,"Carne di manzo, tortilla, riso, fagioli, salsa",1,"Tortilla, Carne di manzo macinata, Riso, Fagioli, Verdure, Salsa di pomodoro, Spezie (paprika, cumino)"
36,Poke con Mango,11,"Mango, riso, avocado, pesce crudo",1,"Riso per sushi, Pesce crudo o cotto, Mango, Avocado, Salsa di soia"
36,Tacos di Pesce,16,"Pesce (come merluzzo o salmone), tortillas, cavolo, salsa",1,"Tortilla di mais, Pesce (merluzzo o simile), Cavolo rosso, Salsa lime, Coriandolo, Spezie"
36,Poke Bowl con Tofu,9,"Tofu, riso, avocado, salsa di soia, verdure miste",1,"Riso per sushi, Tofu, Edamame, Avocado, Carote, Salsa di soia, Semi di sesamo"
36,Churros con Salsa al Cioccolato,12,"Churros, zucchero, burro, farina, cioccolato fondente",1,"Farina, Acqua, Zucchero, Burro, Uova, Olio per friggere, Cioccolato fondente, Panna"
37,Pizza con Gamberetti e Zucchine,10,"Gamberetti, zucchine, mozzarella, impasto per pizza",1,"Impasto per pizza, Gamberetti, Zucchine, Mozzarella, Pomodoro, Prezzemolo"
37,Pinsa con Prosciutto Cotto e Funghi,9,"Prosciutto cotto, funghi, impasto per pinsa, mozzarella",1,"Impasto per pinsa, Prosciutto cotto, Funghi, Mozzarella, Pomodoro"
37,Focaccia con Olive Taggiasche,14,"Focaccia, olive taggiasche, olio d’oliva, sale",1,"Focaccia, Olive taggiasche, Rosmarino, Olio extravergine d'oliva"
37,Panino con Pollo e Avocado,8,"Pane per panino, pollo grigliato, avocado, lattuga, maionese",1,"Pane per panino, Petto di pollo, Avocado, Lattuga, Maionese (opzionale)"
37,Pizza con Salame Piccante e Peperoni,10,"Salame piccante, peperoni, impasto per pizza, mozzarella",1,"Impasto per pizza, Salame piccante, Peperoni, Mozzarella, Pomodoro"
38,Ramen con Pollo,8,"Ramen (brodo di pollo, noodles), pollo, verdure, uova",1,"Noodles, Brodo di pollo, Pollo, Uova sode, Cipollotto, Alga nori, Germogli di soia"
38,Sushi al Salmone,12,"Salmone, riso, salsa di soia, alga nori, avocado",1,"Riso per sushi, Salmone crudo, Alga nori, Avocado, Salsa di soia, Wasabi"
38,Gai Pad Krapow con Riso,6,"Pollo, basilico, aglio, peperoncino, salsa di pesce, riso",1,"Pollo, Basilico tailandese, Aglio, Peperoncini, Salsa di soia, Zucchero di palma, Riso"
38,Maki di Avocado e Tonno,9,"Alga nori, riso, tonno, avocado, cetriolo",1,"Alga nori, Riso per sushi, Avocado, Tonno, Salsa di soia, Wasabi"
38,Poke con Salmone e Edamame,10,"Salmone, edamame, avocado, riso, salsa di soia",1,"Riso per sushi, Salmone, Edamame, Avocado, Carote, Salsa di soia, Semi di sesamo"
39,Pollo Vindaloo,10,"Pollo, spezie vindaloo, peperoncino, cipolla, pomodoro, yogurt, riso basmati",1,"Pollo, Pasta di Vindaloo, Cipolla, Pomodori, Aglio, Zenzero, Spezie (curcuma, coriandolo)"
39,Kebab con Pita,11,"Kebab, pita, lattuga, pomodoro, cipolla, salsa yogurt",1,"Pane pita, Carne di kebab, Verdure fresche, Salsa yogurt, Spezie"
39,Tacos con Carne Asada,15,"Carne asada (manzo), tortilla, cipolla, coriandolo, salsa, lime",1,"Tortilla di mais, Carne di manzo marinata, Cipolla, Coriandolo, Lime"
39,Curry di Verdure,10,"Verdure (come zucchine, melanzane, carote, peperoni), curry in polvere, latte di cocco",1,"Patate, Zucchine, Carote, Latte di cocco, Curry in polvere o pasta, Zenzero, Aglio"
39,Burritos con Fagioli Neri,12,"Fagioli neri, tortilla, riso, avocado, salsa, cipolla",1,"Tortilla, Fagioli neri, Riso, Guacamole, Salsa di pomodoro, Formaggio grattugiato"
40,Pulled Pork Sandwich,18,"Maiale sfilacciato, panino, insalata, salsa BBQ",1,"Pane per sandwich, Maiale sfilacciato, Salsa BBQ, Cavolo cappuccio, Maionese"
40,Pizza con Peperoni,12,"Impasto per pizza, peperoni, mozzarella, pomodoro",1,"Impasto per pizza, Peperoni (rossi, verdi o gialli), Mozzarella, Pomodoro"
40,Cheeseburger con Avocado,10,"Carne di manzo, avocado, pane per hamburger, lattuga, pomodoro, maionese",1,"Pane per hamburger, Carne di manzo, Avocado, Formaggio cheddar, Lattuga, Pomodoro"
40,Ribs alla Griglia,24,"Ribs di maiale, salsa BBQ, contorno (come patatine fritte o insalata)",1,"Costine di maiale, Salsa BBQ, Spezie (paprika, pepe), Zucchero di canna"
40,Burger con Uovo e Bacon,11,"Carne di manzo, uovo, bacon, pane per hamburger, lattuga, formaggio",1,"Pane per hamburger, Carne di manzo, Uovo fritto, Bacon croccante, Formaggio, Salse"